symbol,last_close,pct_1d,pct_5d,pct_20d,volume_ratio,above_50dma,near_52w_high,pct_from_52w_high,breakout,big_mover,volume_spike,higher_lows,momentum_score
AARNAV,31.35,19.98,24.36,25.55,7.25,True,True,0.0,True,True,True,True,100.0
ALKALI,97.2,11.97,36.02,45.55,7.33,True,True,0.0,True,True,True,True,100.0
BNALTD,539.55,19.99,45.82,58.69,46.42,True,True,0.0,True,True,True,True,100.0
PRITIKAUTO,19.99,5.16,38.05,43.09,5.34,True,True,0.0,True,False,True,True,100.0
NOIDATOLL,7.17,6.07,51.27,91.2,13.96,True,True,0.0,True,False,True,True,100.0
GOLDTECH,64.88,17.94,50.05,50.67,6.37,True,True,0.0,True,True,True,True,100.0
VIPCLOTHNG,27.25,5.29,20.68,18.43,5.67,True,True,0.0,True,False,True,True,98.4
HUHTAMAKI,232.69,4.68,12.0,26.25,3.4,True,True,0.0,True,False,True,True,96.7
GNA,592.0,7.66,25.98,43.39,3.35,True,True,0.0,True,False,True,True,96.7
TCIFINANCE,25.3,10.0,94.47,82.94,3.26,True,True,0.0,True,True,True,True,96.3
MODISONLTD,284.6,3.6,63.19,71.73,2.94,True,True,0.0,True,False,True,True,93.3
KOPRAN,206.27,6.56,26.41,25.29,2.55,True,True,0.0,True,False,True,True,92.7
SSWL,265.44,1.1,10.58,17.18,3.72,True,True,0.0,True,False,True,True,91.9
IPCALAB,1890.2,0.65,6.77,22.45,3.09,True,True,0.0,True,False,True,True,91.1
JLHL,1554.0,3.61,6.14,15.8,3.28,True,True,0.0,True,False,True,True,90.8
MAJESAUT,394.25,1.97,13.62,15.89,3.59,True,True,0.0,True,False,True,True,90.8
GTECJAINX,38.35,9.98,91.56,92.71,6.98,True,True,0.0,True,True,True,False,90.0
CYIENTDLM,586.9,8.99,9.03,25.11,5.56,True,True,0.0,True,True,True,False,90.0
RUBYMILLS,336.2,18.38,33.75,37.02,11.14,True,True,0.0,True,True,True,False,90.0
SHARDUL,48.88,4.98,74.57,63.48,43.61,True,True,0.0,True,False,True,False,90.0
VELJAN,1889.6,9.99,55.89,61.37,15.27,True,True,0.0,True,True,True,False,90.0
NEOGEN,2321.4,2.17,14.54,20.31,2.36,True,True,0.0,True,False,True,True,89.0
FILATEX,73.1,3.92,19.72,34.15,7.24,True,True,0.0,True,False,True,False,88.9
EIFFL,356.54,2.68,45.67,48.64,2.1,True,True,0.0,True,False,True,True,88.2
AURUM,241.19,-3.84,9.28,20.43,4.17,True,True,3.84,False,False,True,True,85.0
MUKANDLTD,146.2,3.21,11.79,6.75,4.0,True,True,1.85,True,False,True,True,84.9
GSPCROP,493.0,7.89,24.9,10.8,2.8,True,True,0.0,True,False,True,True,84.8
PLASTIBLEN,202.33,2.83,14.69,16.81,8.64,True,True,0.0,True,False,True,False,84.6
UNIMECH,1296.9,7.49,6.97,14.4,5.03,True,True,0.0,True,False,True,False,84.4
BHEL,435.4,4.18,14.1,7.27,3.58,True,True,0.0,True,False,True,True,84.3
DIXON,14507.0,6.27,7.64,14.53,3.73,True,True,0.0,True,False,True,False,83.2
NIBL,34.38,3.49,13.47,11.12,2.57,True,True,0.0,True,False,True,True,82.5
JSFB,497.7,1.8,9.32,5.58,9.76,True,True,0.2,True,False,True,True,82.4
TANLA,588.3,4.32,12.77,11.95,4.66,True,True,0.0,True,False,True,False,81.3
CHENNPETRO,1240.8,7.22,10.62,10.85,8.15,True,True,0.0,True,False,True,False,80.8
VSSL,297.4,0.44,10.23,5.01,4.01,True,True,0.0,True,False,True,True,80.5
EMAMIPAP,90.95,1.0,4.4,5.28,4.26,True,True,0.0,True,False,True,True,80.1
EMMVEE,365.35,8.16,9.24,9.48,8.59,True,True,0.0,True,True,True,False,79.5
JETFREIGHT,24.8,2.9,19.06,10.57,12.61,True,True,0.0,True,False,True,False,78.5
HIRECT,1288.3,1.15,23.76,12.32,28.48,True,True,0.0,True,False,True,False,78.5
ALGOQUANT,65.14,7.17,13.27,8.55,4.32,True,True,0.0,True,False,True,False,78.5
GRINDWELL,2382.3,16.44,17.89,13.15,3.04,True,True,0.0,True,True,True,False,78.4
MAHESHWARI,68.94,-0.29,24.33,27.29,2.51,True,True,0.29,False,False,True,True,77.6
MUTHOOTCAP,233.77,2.21,7.38,16.4,2.62,True,True,0.0,True,False,True,False,76.7
PAISALO,73.78,2.43,1.91,26.1,3.08,True,True,0.0,True,False,True,False,76.6
RAJRATAN,495.9,2.21,6.47,9.08,4.59,True,True,0.0,True,False,True,False,76.3
NITIRAJ,213.03,3.46,16.56,7.67,4.31,True,True,1.72,True,False,True,False,76.1
SAURASHCEM,62.55,12.52,13.77,6.11,17.46,True,True,3.19,True,True,True,False,76.1
ABB,7667.5,6.43,12.43,6.07,8.77,True,True,0.0,True,False,True,False,76.1
IRISDOREME,46.82,2.86,4.39,17.26,2.32,True,True,0.0,True,False,True,False,75.5
MASTEK,1768.2,4.74,9.68,8.07,3.52,True,True,0.01,True,False,True,False,75.4
PRAVEG,271.1,7.27,15.7,15.39,23.72,True,False,14.69,True,False,True,False,75.4
LAGNAM,85.08,4.32,7.09,5.86,11.31,True,True,2.38,True,False,True,False,75.2
BLACKROSE,125.93,0.0,31.67,29.68,5.64,True,True,0.0,False,False,True,False,75.0
SEMAC,390.65,-5.0,26.71,35.87,7.91,True,True,5.0,False,False,True,False,75.0
OMFREIGHT,108.28,-3.11,18.68,29.8,4.24,True,True,3.11,False,False,True,False,75.0
SRF,2889.3,4.1,4.8,6.89,3.55,True,True,0.0,True,False,True,False,73.3
KOTYARK,453.8,2.83,12.26,4.79,4.82,True,True,1.37,True,False,True,False,72.6
DAMCAPITAL,170.49,0.61,12.51,10.12,3.12,True,True,0.0,True,False,True,False,71.3
SATIA,61.75,12.19,13.7,10.8,14.36,True,False,17.06,True,True,True,False,70.8
LAOPALA,189.58,1.23,7.11,4.5,7.24,True,True,0.0,True,False,True,False,70.7
RHETAN,30.88,2.42,15.53,9.89,2.66,True,True,1.78,True,False,True,False,70.6
HYUNDAI,2025.0,1.1,5.13,2.45,2.3,True,True,0.25,True,False,True,True,70.0
NOVARTIND,1596.2,3.74,8.86,17.0,2.84,True,True,4.12,False,False,True,False,69.9
TIMETECHNO,199.4,2.19,12.93,11.84,2.18,True,True,0.0,True,False,True,False,69.9
PGEL,620.95,3.53,6.38,10.05,2.18,True,True,0.0,True,False,True,False,69.5
GRADIENTE,3.55,3.8,25.44,40.87,2.07,True,False,30.53,True,False,True,False,69.2
GLOBUSSPR,988.55,3.26,7.27,10.96,4.93,True,False,12.27,True,False,True,False,69.2
MRPL,173.33,10.07,15.8,8.96,30.28,True,False,7.42,True,True,True,False,69.0
URAVIDEF,131.86,1.31,15.84,14.54,3.56,True,False,7.69,True,False,True,False,68.6
LAMBODHARA,117.5,2.49,8.38,8.24,2.52,True,True,0.71,True,False,True,False,68.3
SPLIL,33.93,0.8,7.89,13.97,3.64,True,False,5.17,True,False,True,False,68.0
BEPL,109.68,3.07,8.33,2.45,3.39,True,True,0.0,True,False,True,False,67.5
JUSTDIAL,793.35,-1.33,45.14,44.43,2.5,True,True,1.33,False,False,True,False,67.5
SHYAMCENT,5.91,2.78,7.85,18.44,2.19,True,True,0.51,False,False,True,False,67.2
DBSTOCKBRO,42.3,-5.31,19.97,38.24,2.38,True,False,5.31,False,False,True,True,66.9
FIEMIND,2311.3,2.14,4.64,0.95,3.87,True,True,3.16,True,False,True,False,66.7
HSCL,722.35,5.99,11.12,4.64,2.38,True,True,0.0,True,False,True,False,66.5
IIFL,567.1,4.32,4.11,7.16,2.26,True,True,0.0,True,False,True,False,66.0
JINDWORLD,32.06,6.51,11.86,5.5,40.56,True,True,1.17,False,False,True,False,65.5
ROSSELLIND,59.29,4.33,4.4,5.18,2.37,True,True,0.0,True,False,True,False,65.1
CHEMICAL,30.38,1.47,3.3,1.81,4.18,True,True,0.0,True,False,True,False,64.9
ONWARDTEC,288.2,1.62,2.86,12.4,4.45,True,True,1.35,False,False,True,False,64.7
GROBTEA,955.55,3.57,5.9,1.37,2.83,True,True,0.68,True,False,True,False,64.1
ATHERENERG,1267.1,-2.26,4.0,30.76,2.16,True,True,2.26,False,False,True,False,63.8
ASKAUTOLTD,485.0,2.57,1.05,4.7,3.68,True,True,0.0,True,False,True,False,62.8
BECTORFOOD,192.23,13.77,12.36,2.5,61.73,True,False,6.85,True,True,True,False,62.5
ADOR,1352.8,-0.7,2.08,15.15,3.61,True,True,0.7,False,False,True,False,62.3
BORANA,325.5,7.41,6.69,2.26,7.81,True,False,7.01,True,False,True,False,62.3
HEG,608.45,3.9,18.32,12.96,2.09,True,False,8.97,True,False,True,False,62.3
THACKER,1465.6,-6.46,13.45,27.55,3.36,True,False,6.46,False,False,True,False,61.8
ASAL,531.8,1.62,5.01,4.72,4.28,True,True,4.46,False,False,True,False,61.3
KSHINTL,903.3,2.41,6.5,2.0,2.3,True,True,0.0,True,False,True,False,60.9
TORNTPHARM,4987.6,-0.6,1.83,12.19,8.54,True,True,0.6,False,False,True,False,60.8
DEEPAKFERT,1601.1,3.38,3.55,4.94,5.11,True,True,3.8,False,False,True,False,60.4
AXISCETF,121.12,0.74,1.94,5.8,2.97,True,True,0.0,True,False,True,False,60.3
JUBLPHARMA,1020.7,-0.75,5.31,4.85,2.09,True,True,0.75,False,False,True,True,60.3
ACI,549.15,0.98,4.7,4.71,4.62,True,False,12.16,True,False,True,False,60.1
ERIS,1488.4,1.97,4.08,4.04,2.19,True,True,0.0,True,False,True,False,60.1
PLAZACABLE,60.55,8.13,48.01,0.0,5.42,True,True,0.0,False,True,True,False,60.0
ORICONENT,59.66,3.45,8.69,4.59,3.25,True,False,13.69,True,False,True,False,59.3
SINTERCOM,80.17,2.15,5.5,2.13,8.35,True,False,5.69,True,False,True,False,59.3
KAUSHALYA,1146.15,-10.0,29.47,36.76,2.73,True,False,10.0,False,True,True,False,58.7
ALIVUS,1164.1,-0.37,1.85,9.82,5.75,True,True,0.37,False,False,True,False,58.5
GANESHBE,107.44,3.45,11.16,2.1,3.56,True,True,4.03,False,False,True,False,58.3
CRISIL,4231.1,0.5,4.35,2.66,2.26,True,True,3.04,True,False,True,False,58.2
HDBFS,752.25,0.07,2.36,8.17,4.32,True,True,0.53,False,False,True,False,58.0
SASTASUNDR,282.6,3.86,4.43,0.0,6.08,True,True,0.0,False,False,True,False,57.7
DBCORP,210.61,1.03,4.56,2.55,5.07,True,False,9.01,True,False,True,False,57.7
SICALLOG,93.5,3.85,4.07,0.0,5.4,True,True,2.27,False,False,True,False,57.0
LANDMARK,499.7,-2.83,16.47,11.64,2.07,True,True,2.83,False,False,True,False,57.0
RPEL,1303.4,3.04,1.12,9.55,3.41,True,True,0.99,False,False,True,False,56.9
ENDURANCE,2763.5,0.63,2.09,5.34,2.22,True,True,1.35,True,False,True,False,56.3
LAXMIINDIA,138.67,7.12,19.68,0.0,3.02,True,True,0.0,False,False,True,False,55.1
ASPINWALL,256.8,-3.95,5.64,2.15,3.56,True,True,3.95,False,False,True,False,54.9
PNBGILTS,91.34,4.27,4.59,0.16,3.21,True,True,3.29,False,False,True,False,54.6
JBCHEPHARM,2408.9,-3.87,-1.46,9.57,11.79,True,True,3.87,False,False,True,False,54.6
ORIENTLTD,72.59,2.07,7.03,2.86,2.91,True,True,1.56,False,False,True,False,54.5
NILKAMAL,1341.1,-1.79,2.35,3.23,26.98,True,True,1.79,False,False,True,False,52.9
SVPGLOB,4.47,4.68,20.81,0.0,2.62,True,True,0.0,False,False,True,False,52.8
UPL,625.85,4.78,7.56,2.46,2.02,True,False,6.45,True,False,True,False,52.4
INGERRAND,4676.9,5.58,7.4,-0.79,2.44,True,True,0.79,False,False,True,False,52.2
ASIANENE,365.15,-0.48,10.48,2.99,2.74,True,True,4.86,False,False,True,False,51.7
KESORAMIND,12.3,-4.95,3.8,16.04,2.57,True,False,9.49,False,False,True,False,51.5
SPMLINFRA,206.95,1.89,8.93,10.67,2.77,True,False,6.7,False,False,True,False,51.4
COASTCORP,53.6,2.13,7.37,4.02,2.04,True,False,14.83,True,False,True,False,51.4
NEWGEN,541.95,-2.82,14.53,11.07,2.99,True,False,8.22,False,False,True,False,51.0
NARMADA,37.98,7.2,9.67,7.74,2.55,True,False,12.81,False,False,True,False,50.5
RKFORGE,589.7,4.65,5.17,0.08,29.58,True,False,5.34,False,False,True,False,49.7
HDFCLIQUID,1069.46,0.01,0.09,0.38,2.79,True,True,0.0,True,False,True,False,49.5
IEX,124.74,4.92,5.85,0.96,3.65,True,False,8.15,False,False,True,False,49.1
AKCAPIT,1771.7,0.05,-0.88,3.97,4.15,True,True,1.59,False,False,True,False,49.0
HCG,660.1,2.05,1.13,7.38,2.44,True,True,3.82,False,False,True,False,48.9
KAMAHOLD,2615.8,2.52,2.44,0.47,3.1,True,True,3.52,False,False,True,False,48.4
WINDLAS,850.25,1.2,2.95,5.27,2.17,True,True,4.95,False,False,True,False,48.2
LICNETFGSC,29.55,0.37,0.44,1.58,5.58,True,True,0.57,False,False,True,False,47.8
BANK10ADD,17.33,-0.23,0.58,1.58,62.36,True,True,1.2,False,False,True,False,47.7
UNIENTER,108.78,0.97,0.92,1.28,3.69,True,True,1.6,False,False,True,False,47.5
SIEMENS,3657.6,2.4,5.21,-2.37,4.1,True,False,5.7,False,False,True,False,47.4
MAKEINDIA,161.97,0.0,1.09,-0.56,4.15,True,True,1.39,False,False,True,False,47.2
ABSLNN50ET,75.4,-0.33,0.49,-0.75,41.38,True,True,1.37,False,False,True,False,46.0
GSEC5IETF,66.04,-0.05,0.2,0.64,16.06,True,True,1.3,False,False,True,False,46.0
BASML,27.28,-2.75,-1.16,10.94,2.01,True,True,2.85,False,False,True,False,46.0
JINDALSAW,268.05,4.89,-1.56,1.51,2.78,True,True,2.81,False,False,True,False,45.3
21STCENMGM,33.06,1.79,5.45,-1.08,3.7,True,False,9.89,False,False,True,False,45.3
BAFNAPH,174.58,-10.0,20.06,0.0,65.37,True,False,10.0,False,True,True,False,45.0
RBLBANK,362.8,-2.68,0.0,-1.75,5.02,True,True,4.69,False,False,True,False,45.0
MIDCAP,18.37,-0.27,0.82,1.49,3.24,True,True,0.38,False,False,True,False,44.3
JAIBALAJI,80.87,5.6,-6.16,10.18,2.8,True,False,6.16,False,False,True,False,44.2
AONETOTAL,11.84,-0.08,0.77,0.51,3.36,True,True,0.67,False,False,True,False,43.8
TVSHLTD,14013.0,0.09,0.42,5.46,2.39,True,True,4.58,False,False,True,False,43.4
NIRLON,620.0,-3.55,0.0,-0.07,3.67,True,True,4.31,False,False,True,False,43.3
ELIN,109.41,-4.61,9.67,3.03,2.84,True,False,18.12,False,False,True,False,42.3
PAR,95.03,-7.07,6.04,-1.42,3.38,True,False,7.07,False,False,True,False,41.9
SHRADHA,35.18,-13.65,8.11,0.69,3.22,True,False,15.78,False,True,True,False,41.8
REPRO,370.25,0.03,2.01,1.01,2.35,True,True,4.29,False,False,True,False,41.8
MAGADSUGAR,514.4,-0.41,1.95,11.85,2.17,True,False,5.2,False,False,True,False,41.6
SILINV,430.2,1.99,2.14,-1.43,4.14,True,False,11.12,False,False,True,False,41.3
NAVNETEDUL,149.46,-0.66,0.5,8.69,3.21,True,False,5.86,False,False,True,False,40.7
INFRA,12.25,-0.24,0.41,-1.13,2.87,True,True,2.23,False,False,True,False,40.2
HDFCSENSEX,87.57,0.14,0.61,0.31,2.58,True,True,1.94,False,False,True,False,39.6
SCHAEFFLER,4131.7,0.3,2.12,-1.3,5.11,True,False,5.13,False,False,True,False,39.5
MANAKALUCO,37.36,1.77,8.92,-7.84,2.54,True,False,9.69,False,False,True,False,39.4
MODTHREAD,46.53,1.59,-1.96,6.45,3.28,True,False,9.72,False,False,True,False,39.4
LOTUSEYE,122.57,2.05,1.2,-7.74,5.05,True,False,12.44,False,False,True,False,39.4
LTTS,3480.2,-0.8,8.16,2.12,2.26,True,False,8.53,False,False,True,False,38.4
NIFTY1,267.4,0.28,0.6,0.22,2.29,True,True,1.08,False,False,True,False,38.2
EBBETF0433,1312.43,-0.05,-0.39,1.4,2.1,True,True,0.59,False,False,True,False,36.9
NIFTY100EW,34.69,-0.32,0.38,-0.2,2.22,True,True,2.56,False,False,True,False,36.8
APOLSINHOT,1290.3,-5.76,6.64,-5.88,2.32,True,False,6.39,False,False,True,False,36.6
BAJAJELEC,335.9,1.77,2.8,2.08,2.41,True,False,19.67,False,False,True,False,36.5
GROWW,205.64,-4.94,3.63,2.54,2.03,True,False,7.19,False,False,True,False,34.9
ITCHOTELS,174.12,-5.11,-4.49,8.06,2.27,True,False,6.98,False,False,True,False,34.4
ICICIPRULI,508.85,-3.1,3.7,-2.54,2.36,True,False,10.3,False,False,True,False,34.2
IVP,162.66,-9.17,2.28,-2.21,2.33,True,False,14.25,False,True,True,False,31.2
SURYALA,433.15,-0.43,-4.28,-4.24,3.2,True,False,10.13,False,False,True,False,31.0
SWSOLAR,220.78,-7.78,-4.02,-0.61,2.52,True,False,11.39,False,False,True,False,27.6
NAM-INDIA,1151.5,-3.74,-5.48,-1.36,2.06,True,False,5.48,False,False,True,False,25.3
